"bias","type1error","95ciCoverage"
"ols",-0.038233178977383,0.754,0.246
"sh",-0.00125968941292051,0.0506,0.9494
